Product Image,Product Image URL List,Product Description,Normal Price,Discounted Price,List Price,Discount or Coupon,Discount or Deal Text,Link URL,About Item 1,About Item 2,Product Image URL1,Product Image URL2,Product Image URL3,Product Image URL4,Product Image URL5
,"['https://m.media-amazon.com/images/I/51U0K7TPQsL.jpg', 'https://m.media-amazon.com/images/I/31lvU-qwXyL.jpg', 'https://m.media-amazon.com/images/I/71e+FUyWfFL.jpg', 'https://m.media-amazon.com/images/I/51nclYy-F+L.jpg', 'https://m.media-amazon.com/images/I/71Nr0AxbdyL.jpg', 'https://m.media-amazon.com/images/I/41+iGik9XpL.jpg', 'https://m.media-amazon.com/images/I/711nYymtuEL.jpg', 'https://m.media-amazon.com/images/I/41VL0Jm9HhL.jpg', 'https://m.media-amazon.com/images/I/71LaZYoFETL.jpg', 'https://m.media-amazon.com/images/I/41i1a4h6miL.jpg', 'https://m.media-amazon.com/images/I/61b12i6VVYL.jpg', 'https://m.media-amazon.com/images/I/41aS92sW7hL.jpg', 'https://m.media-amazon.com/images/I/71kvJXYo6CL.jpg', 'https://m.media-amazon.com/images/I/41h3xaIdcpL.jpg', 'https://m.media-amazon.com/images/I/71DkP0YtRbL.jpg', 'https://m.media-amazon.com/images/I/41SfbAiyyfL.jpg']","INNZA Laser Hair Removal with Ice Cooling Function for Women and Men,Painless IPL Hair Removal Device,24J High Energy Hair Removal Handset for Body Face Bikini Line Legs Armpit at-Home Use,Corded",,,,,50% coupon applied.,https://www.amazon.com/dp/B0CPPK5KYV,"√£‚Ç¨ÔøΩPainless Ice Compress Function√£‚Ç¨‚Äò--INNZA laser hair removal device with ice cooling mechanism that helps numb the skin, reducing pain and discomfort during the hair removal process.It helps to close the pores and tighten the skin, leaving it smooth and refreshed. The ice cooling button allows for instant cooling whenever necessary and can be easily turned off with a single press.","√£‚Ç¨ÔøΩResult in 4 Weeks√£‚Ç¨‚Äò--Professional IPL hair removal device delivers total 24J powerful energy across a spectrum of 600 nm to 1200 nm.600nm wavelength deeply penetrate the hair follicle to break the cycle of hair growth,remove the undesired hair efficiently and safely.Power with every flash,you will see visible result in treatment area after 4 weeks.",https://m.media-amazon.com/images/I/51U0K7TPQsL.jpg,https://m.media-amazon.com/images/I/31lvU-qwXyL.jpg,https://m.media-amazon.com/images/I/71e+FUyWfFL.jpg,https://m.media-amazon.com/images/I/51nclYy-F+L.jpg,https://m.media-amazon.com/images/I/71Nr0AxbdyL.jpg
,"['https://m.media-amazon.com/images/I/7101PiyFeVL.jpg', 'https://m.media-amazon.com/images/I/51RLof74XEL.jpg', 'https://m.media-amazon.com/images/I/71RKd4YZUrL.jpg', 'https://m.media-amazon.com/images/I/51TbHdGrw+L.jpg', 'https://m.media-amazon.com/images/I/71TXmxdvpVL.jpg', 'https://m.media-amazon.com/images/I/519xv7QLELL.jpg', 'https://m.media-amazon.com/images/I/71GPY993ZpL.jpg', 'https://m.media-amazon.com/images/I/51v7WyC0C0L.jpg', 'https://m.media-amazon.com/images/I/71TTTWZYHaL.jpg', 'https://m.media-amazon.com/images/I/51gs+WozwvL.jpg', 'https://m.media-amazon.com/images/I/71YWg3+wnOL.jpg', 'https://m.media-amazon.com/images/I/51TniBVd7BL.jpg']","SUPRENT PRO Professional Hair Clippers for Men- High Torque Brushless Motor with Diamond-like Carbon Coating Ceramic Blade, Mens Cordless Hair Clippers Set for Barbers with Charging Base",$79.99,,,,30% coupon applied.,https://www.amazon.com/dp/B0CZDP5199,"„ÄêDynamic-torque Motor with Continuous Power„Äë The professional hair clipper is technological leap forward with patented TemMaster and EngineGuru technologies. Innovatively uses a brushless motor with a speed of up to 7800RPM/15600SPM, providing higher speed and shearing force. Dynamic-torqueed provides power compensation for this hair clipper, giving it continuous power. Our barber clippers can cut different hair types and sizes at a constant and high speed.","„ÄêDouble Cooling Ceramic Blade„Äë The moving blade is made of ceramic and uses diamond-like carbon coating to reduce friction. It provides the blade with higher sharpness and doubles the cooling. You don‚Äôt have to worry about the blade getting hot after using it for a short period of time, giving you the worry-free of whole day use. And this personalized men's hair clippers will provide customers with a safer, more comfortable hair cutting experience.",https://m.media-amazon.com/images/I/7101PiyFeVL.jpg,https://m.media-amazon.com/images/I/51RLof74XEL.jpg,https://m.media-amazon.com/images/I/71RKd4YZUrL.jpg,https://m.media-amazon.com/images/I/51TbHdGrw+L.jpg,https://m.media-amazon.com/images/I/71TXmxdvpVL.jpg
,"['https://m.media-amazon.com/images/I/61JVNaRx-VL.jpg', 'https://m.media-amazon.com/images/I/31rWfjXGr-L.jpg', 'https://m.media-amazon.com/images/I/61w5wZzsgbL.jpg', 'https://m.media-amazon.com/images/I/41igtfGtDdL.jpg', 'https://m.media-amazon.com/images/I/61zk3By8AUL.jpg', 'https://m.media-amazon.com/images/I/4150Pc35jdL.jpg', 'https://m.media-amazon.com/images/I/61GvnOt-hjL.jpg', 'https://m.media-amazon.com/images/I/41q-mkL8rrL.jpg', 'https://m.media-amazon.com/images/I/712k1FkjC3L.jpg', 'https://m.media-amazon.com/images/I/41EVeIpF2AL.jpg', 'https://m.media-amazon.com/images/I/61Cu6W2GN4L.jpg', 'https://m.media-amazon.com/images/I/41zGnF5z2XL.jpg']","INNZA IPL Hair Removal Device for Women and Men at Home,Hair Remover Machine with 1 Attachment,10 Energy Levels,24J High Energy Hair Removal Handset for Face Bikini Line Armpit Back,Corded",$79.99,,$79.99,   (13%),50% coupon applied.,https://www.amazon.com/dp/B0BRK9Z1MB,„ÄêINNZA IPL Hair Removal„Äë-IPL stands for intense pulsed light. It targets unwanted hairs at the root and destroys them with light pulses (IPL) without burning or damaging your skin.It stops hair from growing back for long-term hair reduction.,"„Äê5 Energy Levels Setting„ÄëThis laser hair removal has 5 adjustable energy levels to accommodate different skin sensitivities and treatment area.2-button design,easy to use and adjust energy levels and modes. And the large LCD display, you can clear control the state when operate.",https://m.media-amazon.com/images/I/61JVNaRx-VL.jpg,https://m.media-amazon.com/images/I/31rWfjXGr-L.jpg,https://m.media-amazon.com/images/I/61w5wZzsgbL.jpg,https://m.media-amazon.com/images/I/41igtfGtDdL.jpg,https://m.media-amazon.com/images/I/61zk3By8AUL.jpg
,"['https://m.media-amazon.com/images/I/71f5m0EzySL.jpg', 'https://m.media-amazon.com/images/I/41qPbuoDFKL.jpg', 'https://m.media-amazon.com/images/I/71Osin4uB-L.jpg', 'https://m.media-amazon.com/images/I/419Mpny+jFL.jpg', 'https://m.media-amazon.com/images/I/71XcvUwu8mL.jpg', 'https://m.media-amazon.com/images/I/51e8YBBHI6L.jpg', 'https://m.media-amazon.com/images/I/61-lC4BFxEL.jpg', 'https://m.media-amazon.com/images/I/41pESAA8olL.jpg', 'https://m.media-amazon.com/images/I/711q0hPPkXL.jpg', 'https://m.media-amazon.com/images/I/51+NhPzS70L.jpg']","bellapierre Get Started Kit | Includes 2 Mineral Foundations, 1 Blush, & 1 Bronzer | Mineral Makeup Essentials | Non-Toxic and Paraben Free | Oil and Cruelty Free | Long Lasting Formulas ‚Äì Medium",$60.00,,,,50% coupon applied.,https://www.amazon.com/dp/B004BRUTX6,"LOOSE MINERAL FOUNDATION: bellapierre‚Äôs Loose Mineral Foundation is a 5-in-1 that can be used as a concealer, foundation with SPF 15 protection, finishing powder, and setting powder. You get full coverage while protecting your skin from harmful UV rays. Because it is also a finishing and setting powder, it will help your foundation stay in place for a flawless look all day long","WARMING BLUSH: Our Loose Mineral Blush warms up your complexion, giving you a healthy glow. bellapierre‚Äôs loose powder mineral blush is suitable for all skin types and is a great way to define your cheek bones and brighten your face",https://m.media-amazon.com/images/I/71f5m0EzySL.jpg,https://m.media-amazon.com/images/I/41qPbuoDFKL.jpg,https://m.media-amazon.com/images/I/71Osin4uB-L.jpg,https://m.media-amazon.com/images/I/419Mpny+jFL.jpg,https://m.media-amazon.com/images/I/71XcvUwu8mL.jpg
,"['https://m.media-amazon.com/images/I/61b5E8KYXVL.jpg', 'https://m.media-amazon.com/images/I/41t1wVG-kSL.jpg', 'https://m.media-amazon.com/images/I/71y49ucHIJL.jpg', 'https://m.media-amazon.com/images/I/41M3-ZPYVzL.jpg', 'https://m.media-amazon.com/images/I/71fSngq9kdL.jpg', 'https://m.media-amazon.com/images/I/51HDQuLa8oL.jpg', 'https://m.media-amazon.com/images/I/71QMLr1dnrL.jpg', 'https://m.media-amazon.com/images/I/51HeBQvyizL.jpg', 'https://m.media-amazon.com/images/I/71wzqIODLrL.jpg', 'https://m.media-amazon.com/images/I/41FKBuwCxVL.jpg', 'https://m.media-amazon.com/images/I/71vAccyuBKL.jpg', 'https://m.media-amazon.com/images/I/41F9rssp47L.jpg', 'https://m.media-amazon.com/images/I/61WrYv8kNXL.jpg', 'https://m.media-amazon.com/images/I/31dV7sewdtL.jpg', 'https://m.media-amazon.com/images/I/61esbw5Fv8L.jpg', 'https://m.media-amazon.com/images/I/41GmPLaRTdL.jpg']","FASCINATE Upgrade Rechargeable Wall Mounted Makeup Mirror with Durable DC Plug, Lighted Vanity Mirror 1X 10X Magnifying, Bathroom Mirror 3 Color Setting & Extension Arm 360 Rotation (Larger chassis)",,,,,,https://www.amazon.com/dp/B0CM3H6LY6,"üíù„ÄêProfessional Makeup Mirror„ÄëThis upgraded wall mounted makeup mirror built-in 2000 mAh rechargeable lithium battery, with DC charging cable and plug, more durable than USB socket, you can use it wirelessly for 4 hours continuously. The plug-in port is on the outer wall of the bathroom mirror. You can rotate it at any angle without having to worry about winding wires.üîãüîãüîã","üíå„Äê360¬∞ Swivel Extendable Mirror„ÄëVanity mirror designed with 13 inch telescopic arm and 360¬∞ freedom Swivel joint to mount on the wall to provide you with a comfortable viewing angle and save space when not in use. Ideal wall-mounted vanity mirror with light for applying makeup, removing blackheads, shaving, wearing contact lenses, etc.‚≠ê",https://m.media-amazon.com/images/I/61b5E8KYXVL.jpg,https://m.media-amazon.com/images/I/41t1wVG-kSL.jpg,https://m.media-amazon.com/images/I/71y49ucHIJL.jpg,https://m.media-amazon.com/images/I/41M3-ZPYVzL.jpg,https://m.media-amazon.com/images/I/71fSngq9kdL.jpg
,"['https://m.media-amazon.com/images/I/61BYMoZTQJL.jpg', 'https://m.media-amazon.com/images/I/41nydQNRSkL.jpg', 'https://m.media-amazon.com/images/I/71-sbn3DQNL.jpg', 'https://m.media-amazon.com/images/I/51IfJhELi1L.jpg', 'https://m.media-amazon.com/images/I/71gEYiP9VIL.jpg', 'https://m.media-amazon.com/images/I/41EApY0I7nL.jpg', 'https://m.media-amazon.com/images/I/71xHW8P09pL.jpg', 'https://m.media-amazon.com/images/I/413iW-F7HyL.jpg', 'https://m.media-amazon.com/images/I/71ENduDTUyL.jpg', 'https://m.media-amazon.com/images/I/41Gk7sG9kpL.jpg', 'https://m.media-amazon.com/images/I/71xOXMvKrmL.jpg', 'https://m.media-amazon.com/images/I/41jwgkm5srL.jpg', 'https://m.media-amazon.com/images/I/710JF+yaZ6L.jpg', 'https://m.media-amazon.com/images/I/41LDBztK+AL.jpg']","Laser Hair Removal Device with Ice Air Cooling, Painless Permanent Hair Remover for Women and Men, 3-In-1 IPL Hair Removal System - Body, Face, Bikini Line at Home Use",,,,,,https://www.amazon.com/dp/B0CLP47XR2,Permanent Hair Removal: Our IPL home use hair removal device is the effect of using IPL to damage the hair follicle to achieve permanent hair removal. The efficient laser hair removal device for permanent hair reduction in just 8 weeks in such safe methods. Gives you silky skin.,"Icing Painless Remover: This laser hair removal with a freezing point function so that the temperature when touching the skin is only about 10‚ÑÉ/50‚Ñâ. This makes hair removal painless, even the most sensitive areas are safe to use - no need the gels, creams, or ice packs.",https://m.media-amazon.com/images/I/61BYMoZTQJL.jpg,https://m.media-amazon.com/images/I/41nydQNRSkL.jpg,https://m.media-amazon.com/images/I/71-sbn3DQNL.jpg,https://m.media-amazon.com/images/I/51IfJhELi1L.jpg,https://m.media-amazon.com/images/I/71gEYiP9VIL.jpg
,"['https://m.media-amazon.com/images/I/61+SynBIQxL.jpg', 'https://m.media-amazon.com/images/I/41XOeJMslOL.jpg', 'https://m.media-amazon.com/images/I/41XtBcmrSpS.jpg', 'https://m.media-amazon.com/images/I/31zk32wxVVS.jpg', 'https://m.media-amazon.com/images/I/51nv1OO-D4L.jpg', 'https://m.media-amazon.com/images/I/41z9k1uwi3L.jpg', 'https://m.media-amazon.com/images/I/51qMwUfC4US.jpg', 'https://m.media-amazon.com/images/I/41me9M2wuDS.jpg', 'https://m.media-amazon.com/images/I/51MA0tDBjKL.jpg', 'https://m.media-amazon.com/images/I/41AdXZEbASL.jpg', 'https://m.media-amazon.com/images/I/51bC6iE7EBL.jpg', 'https://m.media-amazon.com/images/I/318zTL17qIL.jpg', 'https://m.media-amazon.com/images/I/51CDOqjZcFL.jpg', 'https://m.media-amazon.com/images/I/41iHahX8xBL.jpg', 'https://m.media-amazon.com/images/I/51F7fzSiHlL.jpg', 'https://m.media-amazon.com/images/I/31bC7Xg5uDL.jpg', 'https://m.media-amazon.com/images/I/51ygdAZq-fS.jpg', 'https://m.media-amazon.com/images/I/41VefRptaLS.jpg']","Professional Keratin Hair Straightener 1.25"" Wide Flat Iron Hair Straightener Instant Heat Up Flat Iron 285‚Ñâ-450‚Ñâ, Dual Voltage, Auto Shut Off (Black)",$56.99,,,,50% coupon applied.,https://www.amazon.com/dp/B07MX4Q3J8,‚ù§1.25 inch wide ceramic and tourmaline coated plate releases negative ions to moisten your hair and make it gorgeously shiny and silky.,‚ù§Fast PTC heating technology: get hot within 30 seconds.,https://m.media-amazon.com/images/I/61+SynBIQxL.jpg,https://m.media-amazon.com/images/I/41XOeJMslOL.jpg,https://m.media-amazon.com/images/I/41XtBcmrSpS.jpg,https://m.media-amazon.com/images/I/31zk32wxVVS.jpg,https://m.media-amazon.com/images/I/51nv1OO-D4L.jpg
,"['https://m.media-amazon.com/images/I/61Cax04iYML.jpg', 'https://m.media-amazon.com/images/I/41vots3g2xL.jpg', 'https://m.media-amazon.com/images/I/61vLC4WigtL.jpg', 'https://m.media-amazon.com/images/I/417H+VUlrcL.jpg', 'https://m.media-amazon.com/images/I/61-F22zvXZL.jpg', 'https://m.media-amazon.com/images/I/412riF32nML.jpg', 'https://m.media-amazon.com/images/I/51RD61CdMyL.jpg', 'https://m.media-amazon.com/images/I/41gwJe337OL.jpg', 'https://m.media-amazon.com/images/I/61UsOoMGqKL.jpg', 'https://m.media-amazon.com/images/I/51tf+0LG22L.jpg']","Wazor Ionic Lightweight Hair Dryer 1875W Ceramic Powerful Blow Dryer Pro AC Motor for Quick Drying, 2 Speed / 3 Heat Settings, Concentrator",$79.99,,,,50% coupon applied.,https://www.amazon.com/dp/B0713RDDHT,"1875W Blow Dryer for fast drying and styling, Up to 50% faster drying time and salve your time, Powerful lightweight AC motor for long life with low noise feature","2 Speed and 3 Heat Setting for styling flexibility and perfect for any hair length and texture, Cool Shot Button to lock in curls, waves and style",https://m.media-amazon.com/images/I/61Cax04iYML.jpg,https://m.media-amazon.com/images/I/41vots3g2xL.jpg,https://m.media-amazon.com/images/I/61vLC4WigtL.jpg,https://m.media-amazon.com/images/I/417H+VUlrcL.jpg,https://m.media-amazon.com/images/I/61-F22zvXZL.jpg
,"['https://m.media-amazon.com/images/I/51-22d+VGiL.jpg', 'https://m.media-amazon.com/images/I/31HYKF+nbvL.jpg', 'https://m.media-amazon.com/images/I/71aGxYdYMtL.jpg', 'https://m.media-amazon.com/images/I/41ZthAZQ3uL.jpg', 'https://m.media-amazon.com/images/I/71qWJBw00UL.jpg', 'https://m.media-amazon.com/images/I/51nExtnOG-L.jpg', 'https://m.media-amazon.com/images/I/71mMXPNkBkL.jpg', 'https://m.media-amazon.com/images/I/51MkgCqp8VL.jpg', 'https://m.media-amazon.com/images/I/71rbzwKEzOL.jpg', 'https://m.media-amazon.com/images/I/515b0xZiMyL.jpg', 'https://m.media-amazon.com/images/I/61EFp8dlJ+L.jpg', 'https://m.media-amazon.com/images/I/418LJro20LL.jpg']","Mother's Day Gifts, MelodySusie Upgraded 5-in-1 Face Massager, Hot and Cold Massage Skin Care Beauty Device for Anti-Aging and Skin Tightening, Vibration, Waterproof, Gift for Women",$59.99,,,,50% coupon applied.,https://www.amazon.com/dp/B09YTWVJXX,"UPGRADED 5-in-1 FACIAL MASSAGER: MelodySusie facial massager is upgraded with vibration technology, can more effectively penetrate your facial tissue to boost collagen increasing the elasticity of the skin and reduce lines and wrinkles. Recommended to used with creams, serums or other skincare products to active its best effectiveness.","CUSTOMIZE YOUR SKINCARE MODE: We bring more flexibility of massage mode choice for you to boost your skincare needs, each mode(Heat/Cool/Red/Blue/Vibration) can be used alone or combination, letting you enjoy ultimate SPA quality skin care experience at home.",https://m.media-amazon.com/images/I/51-22d+VGiL.jpg,https://m.media-amazon.com/images/I/31HYKF+nbvL.jpg,https://m.media-amazon.com/images/I/71aGxYdYMtL.jpg,https://m.media-amazon.com/images/I/41ZthAZQ3uL.jpg,https://m.media-amazon.com/images/I/71qWJBw00UL.jpg
,"['https://m.media-amazon.com/images/I/61vKFtP0cPL.jpg', 'https://m.media-amazon.com/images/I/31naEqeCLrL.jpg', 'https://m.media-amazon.com/images/I/71vKRdtFxyL.jpg', 'https://m.media-amazon.com/images/I/41TaeuvEZmL.jpg', 'https://m.media-amazon.com/images/I/61OeFib9JgL.jpg', 'https://m.media-amazon.com/images/I/41-rwJJFVgL.jpg', 'https://m.media-amazon.com/images/I/71jTR-rkBRL.jpg', 'https://m.media-amazon.com/images/I/41GkQglUxbL.jpg', 'https://m.media-amazon.com/images/I/71EUNzfD4zL.jpg', 'https://m.media-amazon.com/images/I/41MO+TFxufL.jpg', 'https://m.media-amazon.com/images/I/71VaoNGxZGL.jpg', 'https://m.media-amazon.com/images/I/51uvqUWU5iL.jpg']","Aopvui Laser Hair Removal Device for Women and Men, 3-in-1 Upgraded 999,900+ Flashes Painless at-Home IPL Hair Removal Device, Permanent Laser Hair Removal with 2 Mode 9 Energy Levels",$99.99,,,,50% coupon applied.,https://www.amazon.com/dp/B0CP2JYYXJ,PERMANENT IPL HAIR REMOVAL: What you get from this device is permanent results. The IPL hair removal device uses advanced technology to break the cycle of hair regrowth.After the concentrated design of professional equipment in beauty salons you can simply get it done at home.,"MODERN IPL TECHNOLOGY: The safest, fastest and most efficient IPL technology. Permanent hair reduction in just 8 weeks. 6 MONTHS money back guarantee. Flexible and convenient ergonomic design with one touch to auto-flash mode brings you the smoothest and fastest operating experience. Full-body hair removal as fast as 15 minutes. Gentle, Painless, permanent hair removal.",https://m.media-amazon.com/images/I/61vKFtP0cPL.jpg,https://m.media-amazon.com/images/I/31naEqeCLrL.jpg,https://m.media-amazon.com/images/I/71vKRdtFxyL.jpg,https://m.media-amazon.com/images/I/41TaeuvEZmL.jpg,https://m.media-amazon.com/images/I/61OeFib9JgL.jpg
